Date,Close,High,Low,Open,Volume,adaptive_decayed_sentiment,price_change
2018-03-20,41.34801483154297,41.7160974620381,41.277228879450114,41.34801483154297,78597600,-21.754413604736328,
2018-03-21,40.41128540039063,41.31261538072816,40.40892358871682,41.30081712332717,148219600,-47.15026938672589,-0.0226547619025651
2018-03-22,39.84028625488281,40.743974474460806,39.78129856638007,40.11162818186632,165963200,-87.4814244704969,-0.014129695203961568
2018-03-23,38.91772079467773,40.09275462767348,38.91772079467773,39.731750235606576,164115200,-84.58218979669608,-0.02315659717660834
2018-03-26,40.76521682739258,40.84308101598845,39.27164797412221,39.65624889346218,150164800,-69.22469231471514,0.047471845601182006
2018-03-27,39.71995544433594,41.32677976112189,39.38490575187701,40.9799318090033,163690400,-79.2915220093663,-0.025641011244524226
2018-03-28,39.28108215332031,40.116349873437926,38.97670725212952,39.462765249555176,166674000,-67.61159492637655,-0.01104918890532669
2018-03-29,39.58782958984375,40.52455466398924,39.38019170933072,39.59490782664997,153594000,-74.51259623904274,0.007809037320462675
2018-04-02,39.32826614379883,39.86151710045668,38.80681704408656,39.318829698693776,150347200,-78.7419897337669,-0.006556647553911721
2018-04-03,39.73174285888672,39.816685264797854,38.90355710149498,39.5547798132654,121112000,-65.85185173166151,0.010259204247973441
2018-04-04,40.49150848388672,40.585887344066165,38.87760621268804,38.9035609392858,138422000,-77.2395497473645,0.01912238352338136
2018-04-05,40.77228927612305,41.109697111829085,40.60240445244699,40.72037982442633,107732800,-79.08669583229558,0.0069343129646075585
2018-04-06,39.72938537597656,40.696781216245626,39.68691237208127,40.34049690731331,140021200,-85.1398017170651,-0.025578742784924446
2018-04-09,40.12343978881836,40.840728735513856,40.07625034238065,40.08332857933011,116070800,-75.18288183006109,0.009918462345004597
2018-04-10,40.87846374511719,41.05542679163285,40.47262820374882,40.819476062945306,113634400,-63.2757730550936,0.01881752811505555
2018-04-11,40.6873664855957,41.03657274696744,40.51276155474765,40.63781522132653,89726400,-81.84417699939529,-0.004674766173039191
2018-04-12,41.08845901489258,41.29137678194819,40.82891177784854,40.91621599412099,91557200,-45.594423492235116,0.009857913252726114
2018-04-13,41.22768020629883,41.48958572516423,41.02004596094194,41.239478465771256,100497200,-53.283078937728924,0.003388328371131788
2018-04-16,41.48487091064453,41.57217155354456,41.25127832519431,41.298467764591,86313600,-55.09486262963063,0.0062383016230540544
2018-04-17,42.05586242675781,42.221027229535785,41.624072127859385,41.642948619651534,106421600,-66.9163392212835,0.013763849412552265
2018-04-18,41.96147918701172,42.19271350692094,41.73496849036599,41.9544009527617,83018000,-65.46719806503744,-0.002244235031690689
2018-04-19,40.77228927612305,41.383400838898574,40.73925631598174,40.9987999741427,139235200,-77.97790825904701,-0.028340037909263205
2018-04-20,39.10176849365234,40.39949794773722,39.03334074261936,40.25320959774394,261964400,-82.80377101408652,-0.04097196434464123
2018-04-23,38.98851013183594,39.38490573389138,38.717164561081056,39.3636710267077,146062000,-70.88813995831984,-0.0028965022856903833
2018-04-24,38.44581985473633,39.245692837977245,38.03998423370853,39.08996446239895,134768000,-69.13074677351294,-0.013919236084286246
2018-04-25,38.61333847045898,39.03097230251353,38.32076184714256,38.37030948804236,113528400,-56.20714134431544,0.004357264752204548
2018-04-26,38.747833251953125,39.10411759568304,38.54727367018877,38.72423673633751,111852000,-57.642818989592385,0.0034831171512674786
2018-04-27,38.29953384399414,38.77379363432942,37.90077643406016,38.69592944182841,142623200,-54.77027326306127,-0.011569663909823613
2018-04-30,38.99322128295898,39.4651228027348,38.18627011618109,38.25469785272939,169709600,-45.09856452801327,0.01811216402242488
2018-05-01,39.89927291870117,39.92286583330269,38.99558112200881,39.264564830660426,214277600,-42.371446383363214,0.023236131971947627
2018-05-02,41.66182708740234,41.940247253815606,41.00824247935094,41.34565033529137,266157600,-50.88106253670219,0.04417509492698146
2018-05-03,41.73733901977539,41.88126915920872,41.159260250036965,41.49902999560571,136272800,-63.31498854367431,0.001812496898291105
2018-05-04,43.37483215332031,43.473931048502,42.03934987955743,42.05822637392392,224805200,-61.69009045230734,0.03923329019056698
2018-05-07,43.68864440917969,44.28087953182669,43.5919037316787,43.69336083223612,169805600,-55.04642522012947,0.00723489268500499
2018-05-08,43.89863204956055,43.938743239806286,43.337068185475694,43.64852486313285,113611200,-63.66618177582169,0.004806458136218605
2018-05-09,44.20773315429688,44.21716960025953,43.70279868770983,44.0166136207289,92844800,-62.989143139326025,0.00704124685223384
2018-05-10,44.8400764465332,44.91794062173189,44.27615432947836,44.29739263203984,111957200,-62.5497619286562,0.014303906740236405
2018-05-11,44.66953659057617,45.01772193758016,44.39951566985937,44.8827132843246,104848800,-58.525242359425086,-0.00380329092793541
2018-05-14,44.56533432006836,44.892203206387336,44.49664631493245,44.76903464406022,83115200,-50.61485131764889,-0.0023327367700921586
2018-05-15,44.1602897644043,44.309513095307935,43.842897435560666,44.240821499029245,94780800,-56.574340268665594,-0.00908878081683473
2018-05-16,44.57243347167969,44.638757775907,44.05607901163132,44.07266099123978,76732400,-61.241557623091715,0.009332903146111127
2018-05-17,44.29058074951172,44.74535283059868,44.14135736154934,44.5298087400324,69176000,-59.494760671417254,-0.006323476198512923
2018-05-18,44.12949752807617,44.48478842582468,44.08686435516519,44.33793601130118,73190800,-64.41916689899573,-0.0036369634064309375
2018-05-21,44.44215774536133,44.83060900411695,44.27161781574119,44.52979501517503,73603200,-53.113418791747115,0.007085061802170722
2018-05-22,44.33082580566406,44.73822628123884,44.24081763118424,44.61979599448351,60962800,-69.69080108909174,-0.0025050975322836733
2018-05-23,44.61506652832031,44.64822687055248,43.9992274706302,44.13897798322867,80233600,-78.58232690060893,0.00641180752874515
2018-05-24,44.56533432006836,44.72876876322785,44.1058276489305,44.712190395453135,92936000,-97.13096895609274,-0.001114695373599539
2018-05-25,44.66717147827149,44.92061043575837,44.44688924533981,44.58426882426589,69844000,-95.7490023110103,0.002285120481128722
2018-05-29,44.506103515625,44.70743646326108,44.26213739651162,44.43504822982948,90056400,-82.83145611820325,-0.0036059584100784914
2018-05-30,44.4113655090332,44.52979581705729,44.24082557634202,44.46347513370029,74762000,-93.42358486957524,-0.002128652007438392
2018-05-31,44.26213836669922,44.58426892145429,44.08923114379717,44.34504102088553,109931200,-113.03101419900017,-0.0033601115530580428
2018-06-01,45.060359954833984,45.0650945644071,44.47057578446127,44.52742362719064,93770000,-121.14032033138315,0.018033958990451904
2018-06-04,45.436973571777344,45.813581093512056,45.32328148514552,45.39196947530471,105064800,-117.77232471680288,0.008357980657963227
2018-06-05,45.78752136230469,45.93674469474713,45.56250451831772,45.73067713219776,86264000,-118.36343937105148,0.007715033880361322
2018-06-06,45.94621276855469,45.96990027144925,45.458280568253,45.86331373683474,83734400,-123.68825633326014,0.0034658221613332874
2018-06-07,45.82305145263672,45.9983259766078,45.55776513347636,45.9841149194432,85388800,-136.0880176861306,-0.0026805542502136293
2018-06-08,45.40617752075195,45.47723642550802,44.94903828525194,45.280641688505526,106627200,-133.47991700309422,-0.009097472094708792
2018-06-11,45.29486083984375,45.47013902099971,45.05326558039364,45.32328657534887,73234000,-124.57966070639065,-0.0024515756882932394
2018-06-12,45.543556213378906,45.62172064565773,45.275902576867104,45.33275042239878,67644400,-127.24510407635042,0.005490586987660917
2018-06-13,45.16933059692383,45.68568875463921,45.10774812172408,45.576731252447374,86553600,-127.60452517320003,-0.00821687297982987
2018-06-14,45.1930046081543,45.375388287803325,45.05562502217765,45.370650063678326,86440400,-121.23987211531981,0.0005241169377010468
2018-06-15,44.728759765625,45.04141752689821,44.591380168781285,45.01062448895897,246876800,-119.96298116330374,-0.010272493421371931
2018-06-18,44.7050666809082,44.81875874608599,44.34029936774632,44.50136643976997,73939600,-97.79193014672694,-0.0005297058277704547
2018-06-19,43.98265075683594,44.13424141475721,43.4520816470083,43.85237668810522,134314000,-125.4516274279605,-0.016159598401421893
2018-06-20,44.17449569702149,44.34029737089845,43.99211204865412,44.13896805769265,82514800,-110.11197442359078,0.004361832151640765
2018-06-21,43.92817687988281,44.61270400042312,43.805008332314486,44.352155844837554,102847600,-117.3183105974019,-0.005576041406971544
2018-06-22,43.80026626586914,44.09160382213968,43.74815663932237,44.08449829253842,108801600,-110.96929586618003,-0.0029118124879944363
2018-06-25,43.14889144897461,43.80025804433811,42.807811635311374,43.440228950559614,126652400,-101.37242757545582,-0.014871480756319277
2018-06-26,43.684200286865234,44.181609010352446,43.236533881409166,43.34312404658933,98276800,-96.76951690037723,0.012406085531157851
2018-06-27,43.6202507019043,44.35925464681157,43.58945766613114,43.87368967461808,101141200,-100.21752043914958,-0.0014639065048918098
2018-06-28,43.937644958496094,44.10581758874971,43.53498262780935,43.6060415365673,69460800,-115.16037499859176,0.007276305190468291
2018-06-29,43.84527969360352,44.337950331305954,43.324186931447485,44.12477355528275,90950800,-111.55088958196765,-0.0021021897049744442
2018-07-02,44.3355712890625,44.3639970225155,43.44497661534085,43.53972303650682,70925200,-104.95676611669491,0.011182311958897184
2018-07-03,43.56340026855469,44.51794817879896,43.47339208576447,44.48004961612877,55819200,-103.50023601600837,-0.01741651225092722
2018-07-05,43.91396331787109,44.15319488884467,43.64868054488552,43.880802971247896,66416800,-107.24404308225348,0.008047192073054266
2018-07-06,44.52268600463867,44.63163985358403,43.86658114932465,43.91869076897881,69940800,-111.3268573987345,0.013861711418788225
2018-07-09,45.140899658203125,45.1645835528677,44.83771833852781,44.88508974206338,79026400,-100.89208799532098,0.013885362924870304
2018-07-10,45.086421966552734,45.3067006156812,45.04615247930805,45.17169193716519,63756400,-75.68015950069794,-0.0012068366395637797
2018-07-11,44.50137710571289,44.951410864966526,44.437423722507305,44.64822954235654,75326000,-83.74544178122471,-0.012976076506444834
2018-07-12,45.24748992919922,45.33749813324035,44.840089319822205,44.89219895224532,72164400,-72.4214350505083,0.01676606145724291
2018-07-13,45.318546295166016,45.439343919412806,45.21669434145454,45.25933113567527,50055600,-82.91111906207416,0.001570393541785009
2018-07-16,45.21906661987305,45.631201829222206,45.10300360266885,45.36355175794088,60172400,-32.77054865118484,-0.002195120616734769
2018-07-17,45.34696578979492,45.44644681827511,44.81402938523273,44.944303451411415,62138000,-33.789474807825044,0.0028284345406117684
2018-07-18,45.098262786865234,45.42986983945193,44.98693800093619,45.425131614844666,65573600,-51.2046518682028,-0.005484446392346243
2018-07-19,45.448822021484375,45.60751822098527,44.93009662721061,44.93009662721061,81147200,-67.71371901800616,0.007773231449643259
2018-07-20,45.3446044921875,45.57909422816942,45.04379044755879,45.425136247692265,82704800,-67.05589388021795,-0.00229307437820081
2018-07-23,45.38486099243164,45.467763650455545,44.89929602587602,45.16457874882284,63957600,-59.82995064444217,0.0008877903048216673
2018-07-24,45.71410369873047,45.87043258915124,45.489086812692015,45.58382962337982,74791600,-61.9244634037895,0.007254461049329475
2018-07-25,46.14518356323242,46.15228909205536,45.57908326282836,45.72830659652187,66839600,-78.03267694768452,0.009429909582016505
2018-07-26,46.00070571899414,46.41521183209491,45.858587891677,46.09544852773458,76304000,-85.37548031597044,-0.0031309409364533858
2018-07-27,45.235633850097656,46.232818510666206,45.02719899139655,46.18544711615258,96096000,-86.36129575555304,-0.016631741990440374
2018-07-30,44.98220443725586,45.52461370570095,44.78324236959791,45.45355479176411,84118000,-61.21413531819317,-0.005602428688887495
2018-07-31,45.07221221923828,45.51040587443045,44.84719532098018,45.07458313886849,157492000,-47.98033977525426,0.0020009642281531015
2018-08-01,47.7274169921875,47.788999454934086,46.73497037323326,47.16605845507853,271742800,-57.03804658073535,0.058910016664677656
2018-08-02,49.122520446777344,49.35701374550678,47.45502338731935,47.50950031418159,249616000,-51.78679620904491,0.029230650693252702
2018-08-03,49.26464080810547,49.44228627005192,48.67011834903271,49.037253026563285,133789600,-46.45133246484038,0.0028931813765971093
2018-08-06,49.52044296264648,49.56307613202739,49.04672180487323,49.2670004084191,101701600,-39.477997378620316,0.00519240880162708
2018-08-07,49.05619430541992,49.62229094055541,48.97329165768903,49.57965777146335,102349600,-45.87897191829758,-0.009374889024654776
2018-08-08,49.0893669128418,49.22200829100394,48.442738387198105,48.80513487189342,90102000,-44.465293875112444,0.0006762164878779675
2018-08-09,49.4754524230957,49.688625556788274,49.07752466220787,49.62941039585072,93970400,-57.638812916957264,0.007864951913912455
2018-08-10,49.32807159423828,49.701248648871726,49.12365694610047,49.28766451141677,98444800,-59.07458782885129,-0.002978867734186097
2018-08-13,49.64658737182617,50.14098577778715,49.36848894851348,49.75117213824433,103563600,-84.13136324245372,0.006457089590039766
2018-08-14,49.85576248168945,50.04829190191352,49.50160105158886,49.95321680919719,82992000,-73.50157926000001,0.004213282743820379
2018-08-15,49.97221755981445,50.09106320349344,49.51822633050927,49.7297714311826,115230400,-81.57493159366933,0.002335839877441792
2018-08-16,50.70429992675781,50.82076631974444,50.264569657123886,50.3311229179393,114001600,-57.054813164497865,0.01464978747575274
2018-08-17,51.71686935424805,51.804813967614464,50.66627432747324,50.73282759600151,141708000,-63.32901892864648,0.019970089892827447
2018-08-20,51.21297836303711,52.09718682234208,51.12978494222709,51.840483363536094,121150800,-58.00774124442843,-0.009743261676560588
2018-08-21,51.11313247680664,51.624170917147424,50.87306558394703,51.53147146080746,104639200,-60.279148576600335,-0.0019496207684444045
2018-08-22,51.11552429199219,51.42689937257117,50.8279161697023,50.88971824039449,76072400,-71.77012479658777,4.6794533413274664e-05
2018-08-23,51.2201042175293,51.59090209907095,51.008559086296856,51.02044075087617,75532800,-97.72232773730474,0.002045952320467448
2018-08-24,51.379356384277344,51.5552456391289,51.1297797739569,51.48394114493594,73905600,-98.31592809548552,0.003109173032364687
2018-08-27,51.80245208740234,51.99260588796312,51.41976887851852,51.61467389460381,82100400,-62.084327671872366,0.008234741205408902
2018-08-28,52.22078323364258,52.42044307564237,52.03538429080252,52.05677563954212,91107200,-50.873640248750355,0.008075508578907042
2018-08-29,53.00041961669922,53.12164453420154,52.15186332859498,52.327752617704384,109019200,-42.520609239239505,0.014929618722270943
2018-08-30,53.48768615722656,54.25542823028783,52.862556723253554,53.064595828898135,195175200,-53.31869745341299,0.00919363552310104
2018-08-31,54.10566711425781,54.40040197963975,53.7182291680632,53.8394504149334,173360400,-54.79135943509449,0.011553705187670626
2018-09-04,54.2791862487793,54.4740912318018,53.86798130897502,54.29107153933857,109560400,-56.45000314293065,0.00320704177170672
2018-09-05,53.925025939941406,54.59056232839138,53.50431493571026,54.42893397969091,133332000,-61.596550386084324,-0.0065247903167644505
2018-09-06,53.028934478759766,54.039122579920814,52.60108938112698,53.7729058375706,137160000,-73.26120898346645,-0.016617357999598514
2018-09-07,52.60109329223633,53.5684951421236,52.460856274687785,52.73182425218919,150479200,-69.44339995497289,-0.00806807058691339
2018-09-10,51.895137786865234,52.731812111042935,51.453031859377816,52.51788778213418,158066000,-67.46002561103829,-0.013420928372134933
2018-09-11,53.20720672607422,53.31416710131831,51.47443486496854,51.81908657492482,142996000,-69.125051150967,0.025283080364825183
2018-09-12,52.546417236328125,53.48054230094829,52.25405432706168,53.46628140330239,197114800,-69.35113291786428,-0.012419172709968174
2018-09-13,53.815696716308594,54.276818492409205,52.90296284868293,53.12876889444546,166825600,-70.1631526122714,0.024155395300727633
2018-09-14,53.2048225402832,53.9178964780611,52.89107189363936,53.65881381778672,127997200,-69.82511506500857,-0.011351226747943755
2018-09-17,51.78818893432617,52.99328210990798,51.64319707572982,52.80312831761871,148780400,-76.39789144898407,-0.02662603760936233
2018-09-18,51.87376022338867,52.73182612035608,51.60754345181269,51.76679621707651,126286800,-85.29484720794261,0.0016523321402688307
2018-09-19,51.90464401245117,52.20175811450876,51.17493366377591,51.93554503966712,108495200,-86.74484358507725,0.0005953643793992214
2018-09-20,52.299224853515625,52.83403036446072,52.09005531529931,52.349141630365246,106435200,-82.72898675716745,0.0076020334706428105
2018-09-21,51.73588562011719,52.61534264340292,51.64793737897181,52.477481263792335,384986800,-76.05148488628436,-0.010771464299447864
2018-09-24,52.4798698425293,52.59158506350113,51.491076615520335,51.53623855083432,110773600,-58.111251814705014,0.01438042885503088
2018-09-25,52.81263732910156,52.96238402798966,52.220784610198855,52.23266990210586,98217600,-68.89129704206991,0.006340859601419835
2018-09-26,52.39191818237305,53.18343068091706,52.23504104711966,52.529779577576186,95938800,-57.59302126397367,-0.007966258986590757
2018-09-27,53.468658447265625,53.82281979814073,53.13351283605645,53.20006973832795,120724800,-58.788316007268094,0.020551648083288576
2018-09-28,53.656436920166016,53.68020387472484,53.24760758218648,53.43062727712734,91717600,-62.28048005285881,0.0035119353721131397
2018-10-01,54.01772689819336,54.53114100863598,53.8014305581457,54.181734485713775,94403200,-40.53171014839469,0.006733394887269428
2018-10-02,54.49786758422852,54.6690056311374,53.86798701357902,54.01535447685207,99152800,-32.51758113191998,0.008888576280525085
2018-10-03,55.16102600097656,55.49379239597776,54.61671085079683,54.68088852229052,114619200,-7.956515091416993,0.012168520460421828
2018-10-04,54.19124603271485,55.22758034599873,53.89175264455115,54.85440322801119,128168000,-25.830250272668493,-0.01758089068619828
2018-10-05,53.31178665161133,54.29107739458389,52.429953850982976,54.18411702177779,134322000,-31.300148356813946,-0.01622880899569279
2018-10-08,53.18818283081055,53.4330045778846,52.33962315506116,52.817384985800565,118655600,-40.80801050935473,-0.0023185083180295996
2018-10-09,53.925025939941406,54.020104639366565,52.82689325647196,53.15728402985112,107564000,-35.41210218060043,0.01385351162446602
2018-10-10,51.42688751220703,53.80142479864619,51.35320379280471,53.589879696186095,167962400,-39.392077349383854,-0.04632614234653609
2018-10-11,50.972900390625,52.173242224118844,50.46662036971824,50.98954052312581,212497600,-57.6104789732804,-0.008827816411682843
2018-10-12,52.79360961914063,52.97663291774792,51.54097557525715,52.39191078116927,161351600,-59.12753420197904,0.035719160859257304
2018-10-15,51.66458511352539,52.72706559694503,51.643193765320575,52.56781284883967,123164000,-52.795807564897096,-0.021385628180383143
2018-10-16,52.80313491821289,53.00279841986038,51.521978614813165,52.03776843806424,116736000,-37.65770508779441,0.02203733567560251
2018-10-17,52.5749397277832,52.9195913906878,52.135209367844666,52.83877721837003,91541600,-72.80848923065854,-0.004321622017009807
2018-10-18,51.34608459472656,52.23029667505684,50.62825572803219,51.783435792535805,130325200,-69.40738495782611,-0.023373400700395952
2018-10-19,52.12808609008789,52.591583467886274,51.68122521975821,51.83097192138612,132314800,-70.39205195339936,0.015230012210933896
2018-10-22,52.446590423583984,53.09073552260463,52.04014028103658,52.24217573506013,115168400,-61.99816134302083,0.0061100331392496265
2018-10-23,52.94100189208984,53.06460242951331,51.03234033449582,51.30093276383448,155071200,-60.587330820417776,0.009426951580889131
2018-10-24,51.12501907348633,53.29751733506686,50.99428813764391,52.91008299578279,163702000,-93.28413687372611,-0.034302010798833105
2018-10-25,52.24455261230469,52.62010533134007,51.51959336438453,51.747778626324624,119423200,-77.48142601883634,0.02189795835986219
2018-10-26,51.41263198852539,52.3372510557185,50.54981135734892,51.31755328671329,189033600,-80.06416588450992,-0.015923585946898577
2018-10-29,50.44761276245117,52.21841257115392,48.98580880315587,52.099566897725786,183742000,-62.2262121220837,-0.01877008020693427
2018-10-30,50.69956207275391,51.14641931267707,49.74166629056536,50.18852353048851,146640000,-62.33120892864391,0.004994276170988021
2018-10-31,52.0211296081543,52.39905798857662,51.48869967231451,51.55050174523438,153435600,-49.146879303649065,0.02606664597031294
2018-11-01,52.819766998291016,52.85304363900973,51.533856048228905,52.06628592661014,233292800,-35.46495206770767,0.015352173167949346
2018-11-02,49.316200256347656,50.782755449844885,48.82893226372936,49.80822309149045,365314800,-40.58423859872812,-0.06633059820306886
2018-11-05,47.91619110107422,48.581727505404224,47.10328724272088,48.56033615760373,264654800,-51.274842019081454,-0.02838842303332645
2018-11-06,48.43436050415039,48.66016652910135,47.93996213136589,47.99463011854984,127531600,-49.679845716916105,0.010814077479220918
2018-11-07,49.90327835083008,49.92942453400192,48.51991713024211,48.95726816977035,133697600,-47.2005699483944,0.030328011589082715
2018-11-08,49.72917175292969,50.11795793851599,49.314144510660114,50.08456519301405,101450400,-49.61777101110891,-0.003488880964420571
2018-11-09,48.770320892333984,49.13764111675981,48.240804722388845,49.02792364848593,137463200,-47.699094879052005,-0.01928145647306534
2018-11-12,46.31355667114258,47.6683559287569,46.2229176546034,47.46561190950973,204542000,-46.035541436462275,-0.05037416560401542
2018-11-13,45.850830078125,47.03150673632343,45.66478423571976,45.70771985141002,187531600,-70.08008696685424,-0.009991169460450866
2018-11-14,44.555660247802734,46.38749717915927,44.34814479763792,46.24915475889488,243204000,-75.61806994361955,-0.028247467452943265
2018-11-15,45.65523147583008,45.78880243698334,44.57950118029473,44.93489820442701,185915200,-82.47031913817334,0.02467859800330463
2018-11-16,46.16090393066406,46.50437427002721,45.19012671826342,45.438186608060974,147713200,-73.12522442588177,0.011075892914959473
2018-11-19,44.331451416015625,45.48589057345821,44.12393959990074,45.318926834082056,167701200,-79.58019417567499,-0.03963207733965446
2018-11-20,42.21338272094727,43.28434172692376,41.86275708173473,42.54492627182092,271300800,-93.42093289590947,-0.0477780137445073
2018-11-21,42.16567993164063,42.99811830476306,42.110821201580535,42.86931511649088,124496800,-96.79575989986772,-0.0011300394858658747
2018-11-23,41.0947265625,42.12275375568158,41.04941069028293,41.726808551401255,94496000,-105.27571473312534,-0.025398697966613426
2018-11-26,41.65047836303711,41.7291906211315,40.61052809295259,41.55984298303412,179994000,-89.4512284029765,0.01352367680782307
2018-11-27,41.559844970703125,41.68626064108776,40.75841533304648,40.90868088792556,165549600,-111.59375128564461,-0.0021760468521873078
2018-11-28,43.15792465209961,43.24140469134922,41.72441329406135,42.153751168677935,184250000,-107.69012008478572,0.038452493807977994
2018-11-29,42.82638931274414,43.60158153162868,42.38512459387207,43.56818878162744,167080000,-102.48588328245383,-0.007681911074918668
2018-11-30,42.59501647949219,43.01242760097728,42.225308758269584,43.0028847372031,158126000,-100.43143482550927,-0.005402576237803491
2018-12-03,44.08338928222656,44.11201059622567,43.22232957056866,43.997521700692886,163210000,-77.16839149908475,0.034942416408054955
2018-12-04,42.14421463012695,43.5037816201011,42.04403639292215,43.16031129852104,165377200,-82.48992508907402,-0.04398878316013333
2018-12-06,41.6743278503418,41.688638506875606,40.64868833749596,40.96830513187184,172393600,-125.12480383657692,-0.011149496648805934
2018-12-07,40.18835067749024,41.6194747572786,40.14303116597106,41.38095407731387,169126400,-137.6882657778882,-0.03565689597173349
2018-12-10,40.453102111816406,40.56997489643687,38.95757667580565,39.355905708964166,248104000,-120.32307024959883,0.006587765605281515
2018-12-11,40.22174453735352,40.9754671407993,39.8329546536274,40.94446192643303,189126800,-138.5929998257225,-0.005719155327652992
2018-12-12,40.33383941650391,41.00646569100108,40.31475732963035,40.64391331947538,142510800,-124.04010986522111,0.0027869223585339498
2018-12-13,40.77510452270508,41.16151045185119,40.44117706742947,40.66538706148722,127594400,-148.43633723495873,0.01094031990469535
2018-12-14,39.47039794921875,40.32907378432896,39.42269454494295,40.30999169471135,162814800,-142.96965673845938,-0.03199762670773343
2018-12-17,39.10307693481445,40.15495390147432,38.81446533960052,39.46324181521365,177151600,-128.80665563886322,-0.009306240460936865
2018-12-18,39.611141204833984,39.95937944855277,39.21042446739454,39.44656131121801,135366000,-143.94434461113062,0.012992948633338663
2018-12-19,38.375587463378906,39.94028235444971,37.94624956289331,39.59442813777997,196189200,-154.67884255122118,-0.0311920763672493
2018-12-20,37.40719985961914,38.66658879853193,37.04226349888514,38.25871682148618,259092000,-170.08509429697492,-0.025234469822354666
2018-12-21,35.95221710205078,37.72442745105451,35.689846566783444,37.4143498734328,382978400,-168.26721550312192,-0.03889579447348601
2018-12-24,35.021995544433594,36.14781356295673,34.96474926501243,35.33684098240722,148676800,-137.87809828686642,-0.025873830116700303
2018-12-26,37.48830032348633,37.50261098405414,34.99575958072882,35.372622747009245,234330000,-116.22935529489563,0.07042159479243981
2018-12-27,37.244998931884766,37.39288421330407,35.79479654801516,37.1710581109433,212468400,-112.56225459246778,-0.006490061952719062
2018-12-28,37.26408767700195,37.81030211425941,36.86337465082859,37.56700998291871,169165600,-109.70556760859284,0.0005125183424516955
2018-12-31,37.62424850463867,38.01065079158423,37.32371015742656,37.812678216058615,140014000,-82.21661803601326,0.009665091783771063
2019-01-02,37.66718673706055,37.88901287019494,36.78704481309749,36.9444693411881,148158800,-91.24999795242383,0.0011412382739439675
2019-01-03,33.915260314941406,34.7572381295252,33.86994079774523,34.3422107841645,365248800,-104.31542841076788,-0.09960729077830599
2019-01-04,35.363067626953125,35.43224064844541,34.29926764526428,34.47338668773571,234428400,-105.82651165995966,0.04268896356882412
2019-01-07,35.28437042236328,35.4990412666172,34.80017362366106,35.46803240655509,219111200,-73.8052944371953,-0.002225406614042247
2019-01-08,35.956993103027344,36.21221198181423,35.42509299692517,35.67315290682018,164101200,-77.84295828279943,0.019062907247956895
2019-01-09,36.567604064941406,36.85859957931004,35.68984972880673,36.08579128285842,180396400,-85.1288790215316,0.016981702562405054
2019-01-10,36.68447494506836,36.72502301688656,35.983223685249385,36.37439738697707,143122800,-88.87906076300723,0.003196022356821704
2019-01-11,36.324310302734375,36.66062531231102,36.13826447606144,36.46504026047846,108092800,-89.3570375311141,-0.009817903701042408
2019-01-14,35.778106689453125,36.08102901182758,35.59206082583094,35.98085074984158,129756800,-72.5826611645774,-0.015036861229547838
2019-01-15,36.51035690307617,36.58668161697159,35.790023535594074,35.842498368694265,114843600,-79.70095425649193,0.0204664327259918
2019-01-16,36.956390380859375,37.180600375929615,36.49365973393336,36.512741822826186,122278800,-89.29288363313906,0.012216628803911389
2019-01-17,37.17584228515625,37.605180340480906,36.5556869119609,36.77989698749364,119284800,-98.82997826306747,0.00593813145805866
2019-01-18,37.404823303222656,37.657654699277074,37.20446312034432,37.56701565558301,135004000,-98.95590084563644,0.006159403633951621
2019-01-22,36.565223693847656,37.38334794017175,36.40302772681457,37.30702320944919,121576000,-86.39009405452238,-0.022446292622980035
2019-01-23,36.71310424804688,37.00409978164385,36.1835880239302,36.76796298779607,92522400,-87.81198536331902,0.004044295077678006
2019-01-24,36.422096252441406,36.84666264513592,36.19311850602909,36.75841118449114,101766000,-92.13631159769064,-0.007926542894311606
2019-01-25,37.629024505615234,37.717279639931625,36.8085163508175,37.08519759812116,134142000,-86.78800119800162,0.03313725395728495
2019-01-28,37.28078079223633,37.287936121047366,36.65108638010935,37.15913292337564,104768400,-102.26661086457402,-0.009254656955748009
2019-01-29,36.89438247680664,37.71728185580172,36.75842756171438,37.26886174661452,166348800,-119.81999214359799,-0.010364544604981929
2019-01-30,39.4155387878418,39.63020592451775,38.218164063991175,38.93849747119621,244439200,-115.78777540337865,0.0683344222557476
2019-01-31,39.69937515258789,40.30998739710586,39.250955193222985,39.62066290613324,162958400,-120.62867896110014,0.007201128627820408
2019-02-01,39.71846389770508,40.30522272121144,39.57773393313214,39.82341357723608,130672400,-109.40384196688463,0.00048083238196627853
2019-02-04,40.8466682434082,40.94446259999077,39.8997408110696,39.93074966548283,125982000,-85.13884935427852,0.028405034711534105
2019-02-05,41.5455322265625,41.760203032262986,41.10904256466571,41.23068680688681,144406400,-91.29287788020974,0.01710944890265509
2019-02-06,41.559844970703125,41.877077914727295,41.22830136807492,41.65763568434292,112958400,-60.82440447068862,0.00034450742049885186
2019-02-07,40.772727966308594,41.48829004745957,40.62961409426362,41.12096614099471,126966800,-82.132933287536,-0.018939363343376203
2019-02-08,40.82062911987305,40.88051502481208,40.343936000706,40.48047761843685,95280000,-86.08739505892298,0.0011748331778054233
2019-02-11,40.58587646484375,41.01226749936198,40.54276036486366,40.97393964039359,83973600,-71.7709092065201,-0.005750833833058411
2019-02-12,40.93560409545898,40.96195403665914,40.65054663751516,40.746366266945294,89134000,-86.42575212278331,0.008616978640788142
2019-02-13,40.765533447265625,41.31648453065105,40.70325341893869,41.055382849595446,89960800,-87.325479542213,-0.0041545899212031
2019-02-14,40.914058685302734,41.02424672424616,40.5739071198508,40.652956967864775,87342800,-123.00439966671668,0.0036434022929994203
2019-02-15,40.823028564453125,41.129644145318814,40.66253475690202,41.02185023339894,98507200,-114.90945301099413,-0.0022249105509131173
2019-02-19,40.945194244384766,41.06736384489284,40.60025445951318,40.65295435480176,75891200,-98.99140692877933,0.0029925677792073113
2019-02-20,41.20869827270508,41.517711661498375,40.95957445803327,41.00748246218403,104457600,-100.2506781511985,0.006435530058730876
2019-02-21,40.97633361816406,41.29013519518988,40.79428177141705,41.15359722391607,68998800,-113.6997825924678,-0.005638728333598575
2019-02-22,41.43385696411133,41.44104297973088,41.052983515694336,41.10089150487306,75652800,-111.10216938248371,0.011165551076645297
2019-02-25,41.73568344116211,42.12853482753936,41.66861152069372,41.718917288617774,87493600,-108.69201596001669,0.007284537312377548
2019-02-26,41.75963973999024,41.99199734395085,41.48176826337716,41.6111238651416,68280800,-125.75064594813796,0.0005740003961336448
2019-02-27,41.88899230957031,41.9201341503,41.3763691010239,41.49135267211243,111341600,-98.01706859045126,0.003097549940216604
2019-02-28,41.47698211669922,41.89858128590096,41.42188809986802,41.75725140765541,112861600,-116.28800770391022,-0.009835762813920956
2019-03-01,41.91295623779297,41.95607234392837,41.414704965510246,41.74767052064794,103544800,-119.91876561059863,0.010511230539075767
2019-03-04,42.12375259399414,42.57888406995493,41.67340935935998,42.08542473250484,109744800,-108.542049427217,0.005029384112283042
2019-03-05,42.04710006713867,42.15968588435519,41.8099505181865,42.14531384899076,78949600,-103.01621337797005,-0.001819698439364581
2019-03-06,41.80516052246094,42.03751816482708,41.66622476119022,41.84109060936449,83241600,-111.81165187423052,-0.005754012626112526
2019-03-07,41.3212776184082,41.78599286166465,41.2062976954326,41.64945123332512,99185600,-117.81021367968387,-0.011574717044627869
2019-03-08,41.41949844360352,41.45782630950687,40.60265362037729,40.79908119177214,95997600,-124.33456236253731,0.002377003588861948
2019-03-11,42.85435485839844,42.90705475053342,42.003977877888914,42.03751384059792,128044000,-132.39984665376795,0.03464205190095693
2019-03-12,43.33583831787109,43.75743378437187,42.96693908643046,43.11785274066941,129870400,-160.58630000274482,0.011235344950672799
2019-03-13,43.5274772644043,43.908350782047165,43.33823573830651,43.65682922421182,124130000,-197.16019439375555,0.0044221815931544395
2019-03-14,44.01136016845703,44.09999381729965,43.73109449596309,44.05208215624026,94318000,-226.60249528323277,0.011116722917650979
2019-03-15,44.583866119384766,44.873715564634566,44.01375467759058,44.27964829408886,156171600,-224.91111359930957,0.013008140369586974
2019-03-18,45.03898620605469,45.127616163509465,44.50480137587546,44.5071991510359,104879200,-182.40189571158743,0.010208179018195151
2019-03-19,44.68207550048828,45.27135447137798,44.53595373184279,45.11804668584386,126585600,-187.08853949223572,-0.007924483555946993
2019-03-20,45.07251739501953,45.39111077033255,44.25088107865552,44.61019642079346,124140800,-203.16753377027214,0.008738221986285932
2019-03-21,46.73257064819336,47.02960609542907,45.46778044568341,45.51808622135935,204136800,-208.70854186273377,0.03683071967391949
2019-03-22,45.76481246948242,47.35538206911971,45.70013466420761,46.79245306146932,169630800,-196.31518554270684,-0.02070843022944957
2019-03-25,45.21147155761719,45.98759067420643,44.69884827308564,45.87500486195989,175381200,-164.75465824076542,-0.012090968628664656
2019-03-26,44.74435424804688,46.2031777720626,44.21496485832889,45.91093424315701,199202000,-147.73820633493344,-0.010331831578961448
2019-03-27,45.146785736083984,45.45579539339186,44.68686243059442,45.21385765635462,119393600,-161.50582466958025,0.008994017117917696
2019-03-28,45.2066764831543,45.407892265522,44.92161896389378,45.26177049746181,83121600,-174.62142364150148,0.0013265783176772405
2019-03-29,45.50130844116211,45.53245028041847,45.16355107046687,45.47256437732267,94256000,-158.12399327833182,0.00651744346031724
2019-04-01,45.8103141784668,45.91571028017791,45.12521941404788,45.90613014552957,111448000,-135.67934693449857,0.006791139593364859
2019-04-02,46.47625350952149,46.581653285633685,45.764808675909656,45.77438881230826,91062800,-147.58763020813296,0.014536886354028056
2019-04-03,46.79484176635742,47.07031543278642,46.26784294426612,46.29179876532304,93087200,-148.66279130206436,0.0068548609833765095
2019-04-04,46.87628936767578,47.0391772671093,46.26545243450927,46.660697926775335,76457200,-144.623170501978,0.0017405251998718896
2019-04-05,47.19009399414063,47.21404981863245,46.93378056163148,47.058344269726845,74106400,-142.9561765955311,0.006694314560683701
2019-04-08,47.93268203735352,47.963820223892334,47.03199564527109,47.05115957437345,103526800,-134.69320274613892,0.015736100108321383
2019-04-09,47.78895950317383,48.59143221503495,47.72428169243538,47.98538705610313,143072800,-158.49310722282976,-0.0029984246253462743
2019-04-10,48.0572395324707,48.08598725216494,47.47275251901036,47.5925243281573,86781200,-150.3326472696929,0.005613849560358375
2019-04-11,47.65719985961914,48.14826498477151,47.53503393595788,48.112334905796246,83603200,-168.6726894258996,-0.008324233283962701
2019-04-12,47.63804244995117,47.942263895762856,47.0008591463609,47.71709228965716,111042800,-141.41183091660326,-0.00040198353500409123
2019-04-15,47.72426986694336,47.87278938276906,47.43202638582388,47.568567990755454,70146400,-115.19399148867913,0.0018100537418761498
2019-04-16,47.72906112670898,48.23689237657883,47.56377546194885,47.77936688973627,102785600,-103.73791463812803,0.00010039461638644553
2019-04-17,48.65848922729492,48.71837512309767,47.575751207740645,47.79852498565726,115627200,-114.49282736014123,0.019473001954061875
2019-04-18,48.83336639404297,48.90283244109063,48.51237879500945,48.65610278532575,96783200,-96.54621050221856,0.0035939703333400796
2019-04-22,48.99385070800781,49.09206445822056,48.46924965532697,48.586627331567456,77758000,-69.15049475498017,0.003286365979151995
2019-04-23,49.70051956176758,49.76519737602215,48.84295278569558,48.96991063821428,93292000,-82.44996078767834,0.01442362344554926
2019-04-24,49.62385559082031,49.940051258313886,49.597505647267056,49.6717635822411,70162400,-88.23230294530997,-0.0015425185012801768
2019-04-25,49.17351531982422,49.76758248967233,49.13518746237708,49.54480867165891,74172800,-115.6929083108161,-0.009075076203458043
2019-04-26,48.93877410888672,49.1064539523288,48.41656699057117,49.0824981224886,74596400,-113.42907973110705,-0.004773732555233168
2019-04-29,49.01303482055664,49.33881438691361,48.83337705209096,48.962729037121726,88818800,-87.00669080979107,0.0015174207573056542
2019-04-30,48.06922149658203,48.72317460621088,47.695534005365545,48.64173064636029,186139600,-72.66082734424269,-0.019256373889722123
2019-05-01,50.42873001098633,51.57614248143357,50.11971665689416,50.27542222183197,259309200,-83.87653080237232,0.04908564026925366
2019-05-02,50.10055541992188,50.938958236498166,49.856223516510624,50.26584113144174,127985200,-96.92949919636462,-0.006507690972843316
2019-05-03,50.72336196899414,50.74492001774366,50.359254640038046,50.5173543078257,83569600,-91.72771400706301,0.012431130630232712
2019-05-06,49.94005584716797,50.02629170170755,48.747129571991984,48.93636743479356,129772400,-71.89096334737818,-0.015442709067766125
2019-05-07,48.59381866455078,49.68613698164829,48.1075454107126,49.31724141689522,155054800,-67.72676232795928,-0.02695706201725301
2019-05-08,48.60340118408203,49.18788822753808,48.32792747096506,48.36385755349484,105358000,-50.386927167257696,0.000197196264763555
2019-05-09,48.08120346069336,48.3111633261349,47.10865679131575,48.004547735448746,139634400,-49.98741873213171,-0.01074405721959426
2019-05-10,47.41510009765625,47.81668168190276,46.354647468891045,47.47281327802477,164834800,-66.67179822946761,-0.013853716527325588
2019-05-13,44.659366607666016,45.563517867734376,43.96923004047758,45.13789549139605,229722400,-80.36593773790199,-0.05811932241658291
2019-05-14,45.366336822509766,45.61641996040873,44.58482197139578,44.825288079430855,146118800,-72.6397095519242,0.01583027858533037
2019-05-15,45.9097900390625,46.10937735396515,44.73150754829263,44.79162407678541,106178800,-83.64909915499751,0.011979217512732676
2019-05-16,45.707801818847656,46.28251571508548,45.40962250071928,45.66692301760151,132125600,-102.27135925966815,-0.004399676409824194
2019-05-17,45.44809722900391,45.90498139483426,44.90945179277733,44.95033059336452,131516400,-109.4194563954331,-0.005681843788354124
2019-05-20,44.02695083618164,44.32994056316762,43.351241475558346,44.13035319880749,154449200,-121.71963140184037,-0.03126965658565195
2019-05-21,44.87097930908203,45.20763040826336,44.41409148108247,44.53913489044487,113459200,-133.51947958114215,0.01917072286111532
2019-05-22,43.952396392822266,44.656964020759766,43.89709021351947,44.40447386509313,118994400,-150.75095352702778,-0.02047164849985439
2019-05-23,43.202144622802734,43.41375231638336,42.75728082669893,43.23580973331932,146118800,-160.8148188506927,-0.01706964424224322
2019-05-24,43.036224365234375,43.79850157094258,42.95205975050922,43.33199668315135,94858800,-154.57743902424812,-0.003840556042229104
2019-05-28,42.858280181884766,43.42578043331544,42.78133292314651,43.02420240973007,111792800,-92.809203270852,-0.004134753593611151
2019-05-29,42.65387344360352,43.12759190362458,42.32202908684004,42.42302439776346,113924800,-101.69033832396858,-0.004769363992530029
2019-05-30,42.87510681152344,43.09873852563216,42.48314589027991,42.79094220795604,84873600,-115.93177592457242,0.005186712250469627
2019-05-31,42.09840393066406,42.800564536423366,42.07916620142415,42.37734183158862,108174400,-122.38595805414562,-0.0181154739572712
2019-06-03,41.67277526855469,42.78372746053402,40.94416328950052,42.22584802449842,161584400,-117.4693824973698,-0.010110327764691118
2019-06-04,43.19733428955078,43.24302344010268,41.96614891107454,42.187377304443125,123872000,-126.20548553330643,0.03658405304593404
2019-06-05,43.89468383789063,44.4838287660272,43.55803273828841,44.313096206729206,119093600,-128.31815524424684,0.016143346801576586
2019-06-06,44.53914642333984,44.59926296870455,43.80091348503437,44.02454894178689,90105200,-112.17011276677178,0.014682019076143638
2019-06-07,45.7246322631836,46.15025833239398,44.67139312932352,44.84933571376328,122737600,-111.8358216145554,0.02661671664238563
2019-06-10,46.30896759033203,46.97986647617852,46.07811849189876,46.12380764351111,104883600,-90.09463261087946,0.012779442900384463
2019-06-11,46.84519958496094,47.13135482633914,46.55423766350111,46.85722362360786,107731600,-86.32058289435206,0.011579441791331524
2019-06-12,46.69611740112305,47.12414681008803,46.50374376727745,46.63840421020281,73012800,-89.95901650431549,-0.0031824431352354132
2019-06-13,46.68648910522461,47.32131942516959,46.554235693369584,46.81874618630091,86698400,-84.05512132857012,-0.00020619050221515334
2019-06-14,46.34744644165039,46.55184046483752,45.76070845655376,46.061291139966194,75046000,-76.6179657317467,-0.007262115230170063
2019-06-17,46.62397384643555,46.88127434494972,46.21037184436044,46.38591107699715,58676400,-63.10691296613623,0.005966400007243022
2019-06-18,47.72050094604492,48.162957727769786,46.941393062838486,47.14338372372743,106204000,-38.822427718497494,0.0235185251094423
2019-06-19,47.581031799316406,48.06437106719529,47.446371354072,48.01627490598919,84496800,-28.99620093881532,-0.002922625369884635
2019-06-20,47.96337127685547,48.23990583198723,47.61950283613574,48.18219264543537,86056000,-26.04182703387963,0.008035544062004796
2019-06-21,47.79984664916992,48.29761319141733,47.64835184601269,47.80465699810761,191202400,-28.920454720756183,-0.0034093647575698105
2019-06-24,47.75176239013672,48.131699298772126,47.65317040065336,47.742141690604704,72881600,-42.394621384994096,-0.00100595006896409
2019-06-25,47.0279541015625,47.915270874894674,46.96062022194022,47.71568358362693,84281200,-67.59471512683193,-0.015157729313959756
2019-06-26,48.04513168334961,48.331286954258495,47.45599042106641,47.55698575152452,104270000,-71.72596877496626,0.021629211842607354
2019-06-27,48.03070831298828,48.47076179122166,47.98982950933453,48.16296175512954,83598800,-81.66606838929452,-0.00030020461711688373
2019-06-28,47.59305191040039,47.97298880338543,47.38384756946888,47.77580483254112,124442400,-74.50022249536379,-0.009112012251327628
2019-07-01,48.465946197509766,49.1729171624725,48.24952449254186,48.85550012954159,109012000,-52.64335736414259,0.018340792449131005
2019-07-02,48.74969100952149,48.84587965023338,48.42025362948424,48.43227766822591,67740800,-46.086226031432915,0.00585451918869806
2019-07-03,49.15367889404297,49.16089258387397,48.74007688736449,48.881951013003054,45448000,-45.48619083050638,0.008286983489650623
2019-07-05,49.11039352416992,49.3147911891304,48.79057315166156,48.898785838535765,69062000,-50.87210983562214,-0.0008806130252498878
2019-07-08,48.098026275634766,48.42986697045831,47.7108757406563,48.28799286408775,101354400,-53.05787597421202,-0.020614113956079705
2019-07-09,48.39140701293945,48.4563302284681,47.8070723886271,47.900854035835,82312000,-58.722031227099265,0.006099641919263155
2019-07-10,48.86992263793945,48.99015568341827,48.46834470634676,48.53808192748844,71588400,-53.26569915988175,0.009888442071379622
2019-07-11,48.51404571533203,49.148876203945925,48.504428683799176,48.88917232189176,80767200,-48.37617632643834,-0.007282125761564839
2019-07-12,48.88676071166992,49.055086254188005,48.62224652398319,48.682363051255486,70380800,-48.517286119163735,0.007682620380186078
2019-07-15,49.34605407714844,49.504758927667474,49.05508845762357,49.07672952780047,67789600,-57.17340408985304,0.009395045995937323
2019-07-16,49.17532730102539,49.56247794635003,48.93486115285412,49.19696837374747,67467200,-68.94408555614355,-0.0034597857785372277
2019-07-17,48.89878463745117,49.31719331799313,48.8795469084621,49.06711017957849,56430000,-71.83834242478868,-0.0056236059575439645
2019-07-18,49.45425796508789,49.50716079951146,48.98294280455651,49.0550833668815,74162400,-65.36544767621791,0.011359655086627285
2019-07-19,48.71602630615234,49.65624963752938,48.660720130548256,49.4855170921148,83717200,-57.95966477778801,-0.014927565174604474
2019-07-22,49.82939147949219,49.831794819859134,48.96130860817309,48.97092563886281,89111600,-30.670940836362025,0.022854186963915835
2019-07-23,50.21894836425781,50.23578275547458,49.846225109203125,50.12757372509668,73420800,0.4394661123049172,0.007817813406891583
2019-07-24,50.17805480957031,50.293477496761376,49.81735570152979,49.937588737543294,59966400,-15.40725538304672,-0.000814305277579308
2019-07-25,49.78129577636719,50.315130841148026,49.711558548783,50.23096623384895,55638400,-22.68031756180517,-0.007907022994591117
2019-07-26,49.95442962646485,50.43295482378756,49.810148496778886,49.89190609129754,70475600,-17.081164566542423,0.0034778895847837887
2019-07-29,50.42093276977539,50.651781852516805,50.12275713821061,50.127567487848594,86693600,-23.638276307108402,0.00933857411242256
2019-07-30,50.20452117919922,50.53636563159717,49.85103565448546,50.19971082894387,135742800,-38.90767571810286,-0.004292098116556398
2019-07-31,51.22890853881836,53.23199206951554,50.81049977340165,52.041685324676585,277125600,-72.05875477876847,0.02040428502370739
2019-08-01,50.12035369873047,52.42883001368494,49.71396902130618,51.43570372294983,216071600,-90.15373939399758,-0.021639243772837546
2019-08-02,49.05989074707031,49.63941121218463,48.48517696172439,49.42299320752864,163448400,-93.60081017121796,-0.02115832936923223
2019-08-05,46.4917106628418,47.76858495057631,46.30895776439126,47.6098801276261,209572000,-78.49562747193245,-0.05234785575591361
2019-08-06,47.371826171875,47.62912668439035,46.660044834225765,47.2059039601366,143299200,-75.90761766078091,0.0189305899156047
2019-08-07,47.86236953735352,47.98741293309836,46.607139907548586,46.98948011481416,133457600,-66.05120784851505,0.01035517110315154
2019-08-08,48.91802597045898,48.942074052576245,47.94654436200955,48.141321351804,108038000,-61.517260423257305,0.022056083794212977
2019-08-09,48.51490783691406,48.942147259391525,48.10455939524214,48.589734955545865,98478800,-70.85892427801957,-0.008240686854133372
2019-08-12,48.391822814941406,48.77079088093742,48.07078722873053,48.184236032999166,89927600,-64.4036444307501,-0.002537055669288635
2019-08-13,50.44112777709961,51.20630115968512,48.39181232795686,48.52215945843499,188874000,-60.3243664280288,0.042348166341968474
2019-08-14,48.93973922729492,49.83043100155141,48.90111758734896,49.0387057984706,146189600,-62.64643708244178,-0.029765166164391732
2019-08-15,48.69595718383789,49.5166469464052,48.19629928116274,49.11113069191211,108909600,-65.11707395083504,-0.004981269767801888
2019-08-16,49.844913482666016,50.00422498598846,49.20284252672696,49.30905019560858,110481600,-62.725704817357986,0.023594490493134
2019-08-19,50.77423477172852,51.348716104830906,50.69699147941999,50.83940465605558,97654400,-52.64701836695837,0.018644255233499107
2019-08-20,50.776641845703125,51.49836858844209,50.76698827677221,50.902160340780014,107537200,-71.71317912142547,4.740739048902931e-05
2019-08-21,51.32698822021485,51.57078043383245,51.0759549089862,51.41147260322705,86141600,-74.61535304475056,0.010838573692685038
2019-08-22,51.28353500366211,51.76146580000771,50.87077407738948,51.459741161351786,89014800,-95.79137680914124,-0.0008465958759611425
2019-08-23,48.91318893432617,51.18457310518978,48.51732631964166,50.552155700353445,187272000,-111.14470441759234,-0.0462204110767066
2019-08-26,49.84249877929688,50.01146384351364,49.49732387088919,49.690428379920704,104174400,-69.58957783757195,0.018999166998055594
2019-08-27,49.28009796142578,50.33975507394486,49.1280275177332,50.17320243240788,103493200,-81.45190901498684,-0.011283559846415714
2019-08-28,49.610782623291016,49.65664536777837,49.07733540717467,49.26561132852902,63755200,-71.14710088050306,0.006710308533154352
2019-08-29,50.45079040527344,50.52562123673503,49.88355008817112,50.32768803386325,83962000,-61.866812450340014,0.01693195989994445
2019-08-30,50.38561248779297,50.79836981530883,50.01388559438315,50.72837130541788,84573600,-64.5758152068376,-0.0012919107303749344
2019-09-03,49.65181350708008,49.96077929036558,49.29457251074922,49.82801969211884,80092000,-72.7374458499903,-0.014563661023088037
2019-09-04,50.49423599243164,50.5642345069654,50.04285698937241,50.30113143476312,76752400,-82.39168969013811,0.016966600529735754
2019-09-05,51.48146438598633,51.64801697561878,51.054221266906815,51.17249865104806,95654800,-66.29506989660531,0.019551308662292932
2019-09-06,51.47664642333984,51.756647829615176,51.295611602876754,51.667338496798834,77449200,-65.54786988700435,-9.358635586520503e-05
2019-09-09,51.69630432128906,52.24423742435234,50.94802925254775,51.85802832340247,109237600,-70.38406844256808,0.004267136909867464
2019-09-10,52.30698776245117,52.32629858320283,51.102505243761776,51.62147019999855,127111600,-81.24453128515881,0.011812903246753548
2019-09-11,53.97010040283203,53.999068478984455,52.55561484229116,52.637686761033,177158400,-92.32181518849792,0.03179522873566687
2019-09-12,53.849403381347656,54.65319832869928,53.79388707442424,54.26216434253562,128906800,-82.98161494217395,-0.0022363682962138753
2019-09-13,52.80182647705078,53.29423960394785,52.38424049208367,53.10355119977679,159053200,-82.30881248854654,-0.019453825641821965
2019-09-16,53.07939910888672,53.13491909652476,52.5145714464053,52.55560555694501,84632400,-92.50217432565671,0.005256875573358855
2019-09-17,53.27251052856445,53.30147860335445,52.89113007843354,53.09389186931263,73274800,-119.70043828222192,0.003638161375594917
2019-09-18,53.77217102050781,53.79148184359405,52.968375964962206,53.359410003760594,101360000,-137.03955301288676,0.009379330671405839
2019-09-19,53.33527755737305,54.011137991648965,53.192860688642,53.58872337864495,88242400,-108.08207518770237,-0.008124899085219073
2019-09-20,52.55561065673828,53.72147526283461,52.492853249204686,53.43664893268685,221652400,-110.68054983698923,-0.014618221491321082
2019-09-23,52.79458999633789,53.06493419293539,52.53631184317437,52.85010631888986,76662000,-122.02131749480213,0.004547170827496894
2019-09-24,52.54354476928711,53.704584517149605,52.42527104325505,53.35216844440653,124763200,-155.39433562603273,-0.00475513167292696
2019-09-25,53.3521614074707,53.46561017518164,52.413194405445246,52.75354070857807,87613600,-169.26383914681895,0.01538945729174035
2019-09-26,53.07699203491211,53.33044150405339,52.82113009425691,53.10354395421572,75334000,-172.5322492667272,-0.005157604964811435
2019-09-27,52.81871795654297,53.33527046730831,52.44699108394318,53.233887732480994,101408000,-163.39927522395993,-0.0048660270385944004
2019-09-30,54.06182098388672,54.20906277348867,53.29423149087837,53.32078340976273,103909600,-129.2579010859988,0.023535274528369232
2019-10-01,54.21147537231445,55.08768501439445,54.1173374202601,54.32734030035255,139223200,-156.98966771264082,0.0027682084270217455
2019-10-02,52.852516174316406,53.96768953552069,52.60389162216772,53.84217102356307,138449200,-174.7453912421784,-0.02506774052292371
2019-10-03,53.30147933959961,53.33527235801911,51.928027942473314,52.72457818852778,114426000,-171.2850388359039,0.008494641273131487
2019-10-04,54.79561614990234,54.911481082685206,54.04251250262735,54.46492706842939,138478800,-162.2128948061399,0.02803180753733181
2019-10-07,54.80768203735352,55.50044069816068,54.513198466013634,54.61699366730349,122306000,-125.13856293198305,0.00022019804318240688
2019-10-08,54.16560363769531,55.04905423068321,54.1487089738051,54.50836605560495,111820000,-139.33532921501046,-0.01171511685571025
2019-10-09,54.80044555664063,54.98389284474855,54.464927844066246,54.80044555664063,74770400,-167.37384012937306,0.011720388517991509
2019-10-10,55.53907012939453,55.62355452175518,54.86562219491103,55.01768894473202,113013600,-174.09130263470368,0.01347844100994533
2019-10-11,57.01631546020508,57.36148675350635,56.07493217425429,56.22941507530571,166795600,-165.16176554936663,0.026598308674755877
2019-10-14,56.93424606323242,57.47976670920298,56.64459107132722,56.70010738801131,96427600,-124.11806878149471,-0.0014394019731061025
2019-10-15,56.801490783691406,57.36390242184985,56.695283092707,57.05976522934613,87360000,-118.72678394799982,-0.002331729823796591
2019-10-16,56.57217025756836,56.78217314249817,56.28975639489996,56.33079051000604,73903200,-122.14252245655838,-0.004037227244551245
2019-10-17,56.79182434082031,57.00182353382027,56.3669973287852,56.74596160139216,67585200,-121.14430048569362,0.0038827232940135126
2019-10-18,57.06459426879883,57.3470081674151,56.55286663427938,56.62528130439812,97433600,-126.88596902806147,0.004802978793946977
2019-10-21,58.05424880981445,58.17011375459098,57.284250415446216,57.332525634188215,87247200,-106.35973852590632,0.01734270704447538
2019-10-22,57.92150115966797,58.46218957993754,57.83942922459394,58.2111561966929,82293600,-122.61179824077915,-0.002286613863205167
2019-10-23,58.69872283935547,58.713208717472334,58.22562061608776,58.43803596385183,75828800,-124.13807095101485,0.013418534812227767
2019-10-24,58.79528427124024,59.08976788255186,58.36804105103191,59.019765687332246,69275200,-116.69351740311404,0.0016450346313161557
2019-10-25,59.5194091796875,59.55561466282894,58.6263049916321,58.693891015604166,73477200,-114.06058642601842,0.012316037203028873
2019-10-28,60.115631103515625,60.163906319797626,59.5532158100812,59.72218090864965,96572800,-90.81640591742253,0.010017268854738637
2019-10-29,58.72528076171875,60.28459564709617,58.55149072133607,60.09631972711563,142839600,-107.0595928690813,-0.023127933887989505
2019-10-30,58.718040466308594,59.21045725080775,58.223214893254514,59.080110114785,124522000,-128.6100659390314,-0.00012329094584551115
2019-10-31,60.04561996459961,60.14458653729117,57.269753085514594,59.67872542898006,139162000,-156.24644497279772,0.022609397175860524
2019-11-01,61.7497673034668,61.776315539223695,60.14217733942509,60.23389913674113,151125200,-146.54686936751054,0.028380876737918337
2019-11-04,62.15528869628906,62.23977308622878,61.64356477961523,62.114250895578095,103272000,-117.39118784893019,0.006567172809402555
2019-11-05,62.06597900390625,62.32184096076288,61.87046198718232,62.04666449792139,79897600,-127.6443993668442,-0.0014368800186772557
2019-11-06,62.09252548217773,62.152870420600415,61.64114652138816,61.97907670329008,75864400,-135.69941106920118,0.0004277138409403136
2019-11-07,62.80915451049805,63.03189385122847,62.489574869274925,62.64210185206056,94940400,-133.85241583542648,0.011541309082781837
2019-11-08,62.98104476928711,63.05367313691728,62.1845191915551,62.62999041938071,69986400,-129.64514024330086,0.0027367070951469508
2019-11-11,63.479793548583984,63.54515909416124,62.53074079681,62.53558022626101,81821200,-103.48838024004561,0.007919029941848343
2019-11-12,63.421669006347656,63.62261980364034,63.16988574029353,63.322405311898535,87388800,-111.57771200007426,-0.0009156384888341362
2019-11-13,64.02936553955078,64.1044173295608,63.20621186985133,63.220737546082844,102734400,-119.91158705370835,0.009581843914298505
2019-11-14,63.58631134033203,64.12862290177833,63.45557287875448,63.85504371244272,89182800,-109.00432661958152,-0.006919546921717923
2019-11-15,64.3416748046875,64.34651423338288,63.67588763125635,63.838093459620026,100206400,-106.92549138678906,0.011879340827187557
2019-11-18,64.66609191894531,64.74598312645759,63.97125341720809,64.351351740566,86703200,-86.4570645884022,0.0050420993118782675
2019-11-19,64.4699935913086,64.88399011619691,64.25210107233796,64.85977819443546,76167200,-82.13455934836801,-0.003032475317706118
2019-11-20,63.71946334838867,64.41914128522336,63.04398994297534,64.2884102171619,106234400,-92.65935361062395,-0.011641543625360407
2019-11-21,63.43377304077149,63.91798181659279,63.23282226127948,63.84050663923588,121395200,-83.65089330131347,-0.004483564245592597
2019-11-22,63.37810134887695,63.71704609436151,63.15052257938561,63.574205358351634,65325200,-86.19526262434485,-0.0008776348816387225
2019-11-25,64.4893569946289,64.50630607825897,63.557253444708095,63.60325387830914,84020400,-46.657035747395106,0.01753374781038053
2019-11-26,63.98578643798828,64.68062501950513,63.55241740860979,64.62736174556787,105207600,-42.5500561414757,-0.007808583929322821
2019-11-27,64.84525299072266,64.87915115912348,64.23272904675291,64.2980945863872,65235600,-30.174634767392686,0.013432147990668719
2019-11-29,64.70240783691406,64.88398615638155,64.37556538418444,64.54504143773039,46617600,-47.79829273319661,-0.002202862155985863
2019-12-02,63.9543342590332,64.94454091138569,63.78244210954185,64.70727580944647,94487200,-56.93599683004271,-0.011561757945182216
2019-12-03,62.81401062011719,62.83337572770389,62.04895957270017,62.53800796502037,114430400,-96.09955490307773,-0.017830279247335823
2019-12-04,63.36842727661133,63.74853310170674,63.11179710655216,63.20622140474287,67181600,-99.68790399533255,0.008826321564580741
2019-12-05,64.29808807373047,64.37314724066661,63.608096393266514,63.86472648524016,74424400,-85.8033326648334,0.014670725423893805
2019-12-06,65.54010009765625,65.61031246389065,64.71452295457874,64.75810737512137,106075600,-75.08262511442074,0.019316468982741197
2019-12-09,64.62252044677734,65.56187946871975,64.13588815754103,65.36819887188322,128042400,-77.69202892800949,-0.014000278448029424
2019-12-10,65.00020599365234,65.38515118607975,64.36588612252761,65.0292573457689,90420400,-93.93547821334676,0.005844488024667083
2019-12-11,65.55461883544922,65.63451744095087,65.0050443974032,65.08009618533418,78756800,-88.39445227633963,0.008529401304528506
2019-12-12,65.7216796875,65.98799609163027,64.71937098815452,64.83073697953905,137310400,-98.46362549639045,0.002548422293021435
2019-12-13,66.6150131225586,66.65132729884155,65.59333242864547,65.72164744380439,133587600,-98.04264201557149,0.013592675039747926
2019-12-16,67.7553482055664,67.98051096052816,67.058093591998,67.06293302118587,128186000,-66.3526970450081,0.017118289549981958
2019-12-17,67.88848876953125,68.21774717351292,67.4986968832809,67.68512198087684,114158400,-76.37904087700507,0.0019650192566482705
2019-12-18,67.72631072998047,68.24925733863428,67.57620712154561,67.74083640896171,116028400,-79.88849325813166,-0.002388888639152764
2019-12-19,67.79408264160156,68.07492467866687,67.53503650596855,67.66819099261691,98369200,-72.64697917984448,0.0010006733113117061
2019-12-20,67.65367126464844,68.43082451674849,67.44061815652887,68.32914478051804,275978000,-68.61885347523133,-0.002071145024491572
2019-12-23,68.75764465332031,68.81817074896584,67.87880456239694,67.9175421502228,98572000,-53.07310789196788,0.016318011543724475
2019-12-24,68.8230209350586,68.97313188201366,68.49618587823406,68.92470804255196,48478800,-54.68301155035676,0.0009508220077623086
2019-12-26,70.18848419189453,70.20543327232355,68.9271223959392,68.95617374042345,93121200,-32.71364963450932,0.019840210997485785
2019-12-27,70.161865234375,71.1714440213529,69.75513153983424,70.48144487513187,146266000,-32.98461974622089,-0.00037924964224556046
2019-12-30,70.5782699584961,70.86153534910308,69.05301523859924,70.07953550019637,144114400,-24.350971050780437,0.0059349152524679205
2019-12-31,71.0939712524414,71.10123409050465,70.09407867790037,70.1933423903923,100805600,-24.695562901605324,0.007306799872660141
2020-01-02,72.71607971191406,72.77660582997152,71.46681974859514,71.7210264890596,135480400,-25.238467866686182,0.022816399631311324
2020-01-03,72.00911712646484,72.77174458511139,71.7839617851537,71.94132818321717,146322800,-29.37866098115703,-0.009722231839918494
2020-01-06,72.58290100097656,72.62163859417052,70.87606782262263,71.12785848416316,118387200,-30.120415387573217,0.007968211490553712
2020-01-07,72.24153900146484,72.84921605109494,72.02122310005907,72.59258596559819,108872000,-52.39550986346899,-0.004703063597680246
2020-01-08,73.40364837646484,73.70627893727402,71.943758846659,71.943758846659,132079200,-71.89910536392313,0.01608644266253023
2020-01-09,74.96279907226562,75.15647966923257,74.13238261481911,74.3841659131879,170108400,-68.33570240039559,0.021240779311191282
2020-01-10,75.13227081298828,75.69880172853615,74.62869680726308,75.19764374317383,140644800,-74.59498152026184,0.0022607445669056148
2020-01-13,76.73741149902344,76.76404682603398,75.3307854721379,75.44942165682815,121532000,-69.858389848611,0.02136419768318354
2020-01-14,75.70120239257812,76.88509646087522,75.57773417210761,76.67446681398555,161954400,-70.54406475822863,-0.01350331065647814
2020-01-15,75.3768081665039,76.38396369325629,74.94343907710318,75.50028381601487,121923600,-57.546656650802625,-0.004285192517708536
2020-01-16,76.32099151611328,76.43236486391163,75.55836410557868,75.92152071901803,108829200,-42.091097345060184,0.012526178443689417
2020-01-17,77.16593933105469,77.16835535095495,76.26288724448004,76.57035717765905,137816400,-35.0744518084782,0.011070975339242173
2020-01-21,76.64298248291016,77.23613375865908,76.50498121824681,76.79308601074507,110843200,-38.431901933298384,-0.006777042470784367
2020-01-22,76.91657257080078,77.47098633963294,76.82214830621916,77.12961824131806,101832400,-60.30038189724162,0.003569669120739638
2020-01-23,77.28700256347656,77.3668937772688,76.42026453610515,76.96984634011159,104472000,-69.0180158452934,0.004815997129029803
2020-01-24,77.06428527832031,78.27964724750392,76.8730206484151,77.53396861447644,146537600,-65.89164483512451,-0.002881691329319369
2020-01-27,74.79817199707031,75.48090092368226,73.81280512269632,75.06690438729518,161940000,-70.77616451750121,-0.029405492739806194
2020-01-28,76.9141616821289,77.08605376922371,75.58258723533865,75.6818509443487,162234000,-86.9450649363113,0.028289323503005726
2020-01-29,78.52416229248047,79.37395133976464,77.80753513570895,78.5507976259598,216229200,-94.21934199952034,0.020932433964571784
2020-01-30,78.41036224365234,78.46362551493233,77.17078871761717,77.60415772537527,126743200,-123.52404645826223,-0.0014492360759513767
2020-01-31,74.93377685546875,78.12228943807405,74.63840902776975,77.69860650259687,199588400,-149.47109428835898,-0.04433834111594148
2020-02-03,74.72795104980469,75.89731214570682,73.16879799630816,73.67237193822604,173788400,-136.00847380699963,-0.0027467694049514435
2020-02-04,77.19500732421875,77.3862719133486,75.93122176752728,76.33795548064964,136616400,-155.89532606070955,0.03301383538228975
2020-02-05,77.82447814941406,78.62584328517734,77.21921702642419,78.32562874403418,118826800,-167.7708389880675,0.008154294520001049
2020-02-06,78.73478698730469,78.73721039613278,77.53637437960353,78.09563507421905,105425600,-140.59898476973277,0.011696947535490443
2020-02-07,77.66456604003906,78.48239314790939,77.17192792843306,78.23243405494627,117684000,-143.41953461433528,-0.01359273312618714
2020-02-10,78.03343963623047,78.03343963623047,76.1648155367922,76.24489635857795,109348800,-110.831807702825,0.004749573904800242
2020-02-11,77.5626220703125,78.60371692560051,77.34421247844126,78.53091619696823,94323200,-102.6988761269376,-0.0060335359829425395
2020-02-12,79.40457153320312,79.409422447038,78.01401820106558,78.01401820106558,113730400,-122.57635677933887,0.02374790090542378
2020-02-13,78.8391342163086,79.16675238353734,78.47026476188894,78.67411425559266,94747600,-146.75283227249352,-0.00712096679040819
2020-02-14,78.85855865478516,79.10851777495836,78.34893117896286,78.80759072301922,80113600,-148.6832733280948,0.00024638066703364103
2020-02-18,77.41460418701172,77.5966134445047,76.34923977828454,76.5312490357775,152531200,-126.389130793608,-0.01831068805219427
2020-02-19,78.53578186035156,78.76632988761132,77.65728500864738,77.65728500864738,93984000,-113.9893509859205,0.014482766980651318
2020-02-20,77.7300796508789,78.78573476731503,77.222881436687,78.29552586031969,100566000,-98.3865479256797,-0.010259046136515404
2020-02-21,75.97066497802734,77.76649566805042,75.35183643347615,77.32238890983989,129554000,-92.29354303870977,-0.022634926926022647
2020-02-24,72.36200714111328,73.81808083321631,70.19003499397719,72.13874665566946,222195200,-96.38060242644649,-0.0475006746085187
2020-02-25,69.91097259521484,73.41768758581995,69.4377529242665,73.03425797216033,230673600,-102.72143046805633,-0.033871843011743286
2020-02-26,71.02001190185547,72.28922581008212,69.52753744829661,69.53481752247102,198054800,-128.2206205011518,0.01586359430388673
2020-02-27,66.37755584716797,69.4061923618355,66.24165620285358,68.21706677109698,320605600,-157.21608576541635,-0.06536828043767495
2020-02-28,66.33872985839844,67.56426328843753,62.21561589566721,62.43160376696,426510000,-164.82753889101855,-0.0005849264600662485
2020-03-02,72.5149154663086,73.15316245707646,67.39681595785085,68.50343166746465,341397200,-150.99501482765734,0.09310075156840303
2020-03-03,70.2118911743164,73.77441717355254,69.35765634090362,73.69433636090781,319475600,-158.17727134987666,-0.03175931844066204
2020-03-04,73.4686508178711,73.62881987433597,71.13650877871662,71.93977581539738,219178400,-139.43620493197824,0.046384730407974084
2020-03-05,71.08554077148438,72.69449642985231,70.71909308665877,71.71650028960082,187572800,-168.21399806952073,-0.032437100992836365
2020-03-06,70.14152526855469,70.57592284013839,68.24863164787311,68.43549184953756,226176800,-183.50886157253075,-0.013279993268453527
2020-03-09,64.59388732910156,67.48661751740467,63.82459146610832,64.00660075736148,286744800,-187.92638203661173,-0.07909206305697769
2020-03-10,69.24602508544922,69.51297346708441,65.37044115282052,67.25606172575357,285290000,-210.24515247490902,0.07202133125453991
2020-03-11,66.8410873413086,68.24620108036899,65.97472137640763,67.31674360006403,255598800,-240.1711352547092,-0.03473033637920653
2020-03-12,60.240211486816406,65.52333473547242,60.18439634961911,62.11126834135515,418474000,-289.2629449146989,-0.09875476472706579
2020-03-13,67.4574966430664,67.93072375869788,61.38566570157223,64.28325788918951,370732000,-303.4997651433332,0.11980842991943197
2020-03-16,58.77928161621094,62.87327141626091,58.242959402399286,58.716182706946256,322423600,-333.4189401491057,-0.12864715500449064
2020-03-17,61.36382675170898,62.5165485741774,57.854685943845006,60.06549231026202,324056000,-383.40408538413277,0.04397034234568187
2020-03-18,59.86163711547852,60.66975874633833,57.54405159077075,58.18715325527487,300233600,-425.8273058596869,-0.024480051452928975
2020-03-19,59.40297317504883,61.35896558109421,58.87636011980493,60.036365596883776,271857200,-448.73275441597417,-0.007662068104567377
2020-03-20,55.63174057006836,61.11385881136198,55.33081724844848,59.98539913252844,401693200,-456.3947706842168,-0.06348558672084292
2020-03-23,54.449893951416016,55.45215955190559,51.595989830091725,55.350234801464175,336752800,-382.95929265446046,-0.021244106449694877
2020-03-24,59.91260147094727,60.109170897229895,56.859698759909456,57.35961698057595,287531200,-398.83221573267446,0.10032540236727483
2020-03-25,59.582557678222656,62.67186075528643,59.28648895944169,60.851767993758266,303602000,-375.1402920122487,-0.005508754162255158
2020-03-26,62.71796798706055,62.77620858330938,59.78640491258839,59.82523444541299,252087200,-368.44818860628766,0.0526229559625615
2020-03-27,60.12129592895508,62.094273652565946,59.95384682888378,61.33711636840459,204216800,-358.96489692927446,-0.04140236269518793
2020-03-30,61.8370361328125,62.0093398541759,60.52414183848412,60.849334516621546,167976400,-323.17196762139685,0.028537977722318253
2020-03-31,61.71084976196289,63.70081709485802,61.15511640489983,62.0287624061651,197002000,-332.78799250741247,-0.0020406277328458566
2020-04-01,58.46381378173828,60.35913666563923,58.03184534712528,59.8203888511464,176218400,-339.2581381013351,-0.052616938394940194
2020-04-02,59.43936538696289,59.49275506292741,57.49065332322106,58.32546967140694,165934000,-385.1430087421992,0.016686417496925898
2020-04-03,58.58515167236328,59.62624319106143,57.9930141845117,58.9224754113622,129880000,-382.0847144045408,-0.014371178242541749
2020-04-06,63.69597625732422,63.85128701213313,60.51930809689075,60.888177619792245,201820400,-329.73814578252745,0.08723754123814786
2020-04-07,62.95822143554688,65.93589798982386,62.85387122600371,65.71748092950824,202887200,-341.86503120887596,-0.011582439977007253
2020-04-08,64.5696029663086,64.88508270225176,63.39503750123095,63.76147775323179,168895200,-337.6335654097207,0.025594457626338052
2020-04-09,65.03556060791016,65.54033721316215,64.2371518120858,65.20786807728709,161834800,-314.99523249663065,0.007216362192047132
2020-04-13,66.3120346069336,66.42124311579434,64.5113532264987,65.1131997931994,131022800,-263.9601684880191,0.01962732368402431
2020-04-14,69.66100311279297,69.95222087152594,67.47689214022147,67.95011914666873,194994800,-285.4428773978667,0.05050317827993789
2020-04-15,69.02519226074219,69.48628092008256,68.10301494206142,68.53255414367216,131154400,-307.40727633748094,-0.009127213557652891
2020-04-16,69.57364654541016,69.94009422345636,68.5204205220071,69.7410956561746,157125200,-320.0061310236628,0.007945711800355193
2020-04-17,68.629638671875,69.63676274652339,67.18812439019051,69.08830567330986,215250000,-300.79631503036546,-0.013568469103010239
2020-04-20,67.20510864257812,68.35783414900595,67.18569757688921,67.4526460174679,130015200,-252.21809283077135,-0.020756775889607892
2020-04-21,65.12776947021484,67.28276042085989,64.41429253639382,67.0473614677832,180991600,-280.0091792926869,-0.030910435446378726
2020-04-22,67.0036849975586,67.4405043108994,66.05723821466911,66.39940914673265,116862400,-297.7235193664635,0.028803620062585855
2020-04-23,66.7440185546875,68.37482206031547,66.70518901812768,66.94786806714389,124814400,-310.3167009390164,-0.0038754054031588936
2020-04-24,68.67086791992188,68.68057715232159,67.22207418369496,67.27061293971914,126161200,-296.41983859259716,0.028869244120438786
2020-04-27,68.71943664550781,69.05190579194252,67.93800973096258,68.38696009309551,117087600,-241.6628983375938,0.0007072682646529493
2020-04-28,67.60551452636719,69.3649373275059,67.51330272470628,69.18292807221569,112004800,-258.65357077491177,-0.016209709705375497
2020-04-29,69.82601928710938,70.29681705834746,68.8941329766309,69.097982412738,137280800,-270.28415252536445,0.03284502420103852
2020-04-30,71.29910278320312,71.47626115798072,69.976506388418,70.36721610873765,183064000,-260.16487621040324,0.021096483963044754
2020-05-01,70.15123748779297,72.56103877053023,69.36981062017894,69.46688076275679,240616800,-251.4377883909299,-0.01609929509071706
2020-05-04,71.14379119873047,71.27241079901312,69.4838673851674,70.17550415897956,133568000,-193.29401088763234,0.01414876980766322
2020-05-05,72.21155548095703,73.04637175058454,71.45924917442386,71.60485804116813,147751200,-204.00440609515437,0.015008537839147573
2020-05-06,72.95658874511719,73.58997737842726,72.52947133643356,72.9153300566067,142333600,-183.92735767866245,0.010317369002757815
2020-05-07,73.7113265991211,74.05836324243135,73.28178737986006,73.58513616899319,115215200,-180.21878490916686,0.010345026638247434
2020-05-08,75.46577453613281,75.51930873875061,74.04469357012428,74.37319856682336,133838400,-175.59072465028873,0.023801605776996526
2020-05-11,76.65327453613281,77.14967462162217,74.76254909308051,74.97182191133705,145946400,-157.77237014856541,0.01573561004706092
2020-05-12,75.7772445678711,77.79206581684177,75.65557660011677,77.3394571152635,162301200,-173.664789963109,-0.01142847417234305
2020-05-13,74.86231231689453,76.88200539450654,73.78189997803335,75.95732422038697,200622400,-189.58911915288576,-0.012073970968383363
2020-05-14,75.32219696044922,75.38303093576837,73.37307401489639,74.09821767406875,158929200,-193.80788415052908,0.006143072920429926
2020-05-15,74.87689971923828,74.92313414173562,73.05188017652294,73.08595077247826,166348400,-182.35102126604892,-0.005911899269809617
2020-05-18,76.64108276367188,77.0158221767727,75.51200790514008,76.20551679383226,135178400,-143.7150417981179,0.023561112319669286
2020-05-19,76.19822692871094,77.50736817025115,76.16659206539425,76.65812803670754,101729600,-140.93247167585804,-0.005778308695435719
2020-05-20,77.68014526367188,77.75070734904016,77.02069943070256,77.05963407747018,111504800,-166.14642434011927,0.019448199711357805
2020-05-21,77.10101318359375,78.08409270413537,76.8625412299203,77.54145075007376,102688800,-157.22223878365563,-0.0074553423929932805
2020-05-22,77.59740447998047,77.68013781166567,76.73599313969208,76.83819007988166,81803200,-162.9438032243625,0.0064381942064069
2020-05-26,77.07179260253906,78.89924040659268,77.01582266467501,78.71917419280368,125522000,-126.0597492608396,-0.006773575494744888
2020-05-27,77.40760040283203,77.55360346730318,76.18605652967298,76.92823567989113,112945200,-141.7957722246955,0.004357077848503366
2020-05-28,77.44165802001953,78.70457206303743,76.80411908559893,77.0815181781685,133560800,-179.1537164856235,0.00043997768966175244
2020-05-29,77.3662109375,78.14731703963925,77.0085068938251,77.68498034892205,153532400,-168.82881338003992,-0.0009742441529341228
2020-06-01,78.31766510009766,78.43933305662227,77.18858289905835,77.3199863713913,80791200,-160.01684670631366,0.012298058171238191
2020-06-02,78.68025207519531,78.70458715753213,77.60713955055513,78.05001280060178,87642800,-152.66952187794138,0.004629695926637201
2020-06-03,79.11338806152344,79.37619506332315,78.4271788552984,79.00145559647322,104491200,-154.899797611307,0.005505015234498423
2020-06-04,78.43205261230469,79.23505835292487,78.05731313453714,78.93575985874213,87560400,-158.86800071322259,-0.008612138424521798
2020-06-05,80.66585540771484,80.72668938615203,78.65347007438078,78.68266919586698,137250400,-157.70415216760674,0.02848073869049439
2020-06-08,81.1427993774414,81.17686997307266,79.64872058754821,80.36169309987528,95654400,-138.4853002346232,0.00591258801280814
2020-06-09,83.70511627197266,84.09931925314608,80.78995685878904,80.82159171486241,147712400,-162.70045243338237,0.03157787153253677
2020-06-10,85.8586654663086,86.32830212094579,84.21614761710595,84.65658514258793,166651600,-160.9640610800495,0.02572780840944877
2020-06-11,81.7365493774414,85.42552350785493,81.63435243044103,84.99968556796321,201662400,-179.00905696777636,-0.0480104840493325
2020-06-12,82.44223022460938,84.63225412884543,81.32775466079362,83.882782549069,200146000,-170.7627990952083,0.008633602134453744
2020-06-15,83.46180725097656,84.11638164574502,80.92867875199258,81.09171712965171,138808800,-127.99375075511378,0.01236716939351834
2020-06-16,85.67371368408203,85.94625617218522,83.88276474697345,85.52284659086101,165428800,-118.3229226299428,0.026502019378205954
2020-06-17,85.55450439453125,86.48161397178043,85.43283639304421,86.42077997103691,114406400,-119.61299464624048,-0.001391433666461106
2020-06-18,85.58856201171875,86.00710017036369,84.97778636060843,85.51069272033729,96820400,-129.69585352913214,0.0003980809359895865
2020-06-19,85.09944915771484,86.76386617293707,83.9874020783935,86.29666530516798,264476000,-128.70718264392045,-0.0057146988161448364
2020-06-22,87.32597351074219,87.46954083393744,85.4474196297417,85.4936540555532,135445200,-123.83689591109118,0.026163792774979377
2020-06-23,89.18992614746094,90.61344295119446,88.1533126161021,88.57428648623221,212155600,-125.7961207363907,0.02134476790561579
2020-06-24,87.61553955078125,89.73986501886358,87.24080011710065,88.81761971025675,192623200,-149.37795122866427,-0.01765206750005266
2020-06-25,88.7786865234375,88.81762116630449,87.00963685193202,87.77127955859044,137522400,-169.54998151444795,0.013275578494635676
2020-06-26,86.05089569091797,88.8954936232834,85.90245689556569,88.67405701121628,205256800,-174.1099112540573,-0.030725739919562733
2020-06-29,88.03406524658203,88.12896981599859,85.4790381908906,85.95841023076125,130646000,-142.57967194193216,0.023046471971509996
2020-06-30,88.76895141601562,89.0560934802323,87.60094182870904,87.62040543722048,140223200,-192.68436831981865,0.008347747742594835
2020-07-01,88.60103607177734,89.39187779218567,88.55237334459665,88.84680772121614,110737200,-213.81730698654698,-0.0018915999520073834
2020-07-02,88.60103607177734,90.14865634616976,88.48667532119246,89.51111743972731,114041600,-208.86908474854084,0.0
2020-07-06,90.97115325927734,91.44078989598016,90.00267343180715,90.03430829585879,118655600,-132.31315402552696,0.026750445509236664
2020-07-07,90.68890380859376,92.1318846555086,90.5769713163104,91.3507780940527,112424400,-145.81239575723254,-0.003102625838755091
2020-07-08,92.80103302001952,92.83266788269124,91.58191749535032,91.66952230167388,117092000,-170.30785763186384,0.023289830648781207
2020-07-09,93.20010375976562,93.75003795219516,92.14889068283712,93.6965037466287,125642800,-186.67967486736558,0.004300283377880243
2020-07-10,93.3631362915039,93.42154196968669,92.18052712914378,92.7937310548834,90257200,-179.43651004647143,0.0017492741441416104
2020-07-13,92.93243408203124,97.29058186234047,92.71829725665448,94.67228464918172,191649200,-149.2178651381674,-0.004613193457082554
2020-07-14,94.4703140258789,94.6625440704525,91.37508059280022,92.31191801469724,170989200,-165.8749893489357,0.01654836612253363
2020-07-15,95.12002563476562,96.60194074558854,93.91794539378512,96.35130500289156,153198000,-139.9973115751783,0.00687741557320054
2020-07-16,93.94957733154295,94.8085529497705,93.3485372297674,93.98851197519926,110577600,-168.2455227359656,-0.012304962024683008
2020-07-17,93.75979614257812,94.55793794747125,93.28528795912776,94.40220676472472,92186800,-167.52222567991092,-0.0020200323871080172
